INSERT INTO ACCOMODATION
	VALUES ('A1', 'Alpine Lodge', 'Hotel', 'Schönblickstraße', '12', 'Oberstdorf', 'Germany', '87561')
		  ,('A2', 'Hausberg Chalet', 'Chalet', 'Hausbergweg', '2', 'Oberstdorf', 'Germany', '87561')
		  ,('A3', 'Majestic Mountainside Inn', 'Inn', 'Alpenstraße', '4', 'Oberstdorf', 'Germany', '87561')
		  ,('A4', 'Peak View Apartments', 'Apartment', 'Höfatsweg', '8', 'Oberstdorf', 'Germany', '87561')
		  ,('A5', 'Bavarian Mountain Retreat', 'Hotel', 'Kornaustraße', '45', 'Oberstdorf', 'Germany', '87561')
		  ,('A6', 'Alpside Lodge', 'Lodge', 'Lerchenfeldstraße', '17', 'Oberstdorf', 'Germany', '87561')
		  ,('A7', 'Hilltop Guesthouse', 'Guesthouse', 'Am Gaisberg', '9', 'Oberstdorf', 'Germany', '87561')
		  ,('A8', 'Panorama Chalet', 'Chalet', 'Fellhornweg', '28', 'Oberstdorf', 'Germany', '87561')
		  ,('A9', 'Mountain View Hotel', 'Hotel', 'Trettachstraße', '19', 'Oberstdorf', 'Germany', '87561')
		  ,('A10', 'Alpine Vista Apartments', 'Apartment', 'Auenstraße', '3', 'Oberstdorf', 'Germany', '87561')
		  ,('A11', 'Ski Lodge Oberstdorf', 'Lodge', 'Neherstraße', '17', 'Oberstdorf', 'Germany', '87561')
		  ,('A12', 'Alpenrose Guesthouse', 'Guesthouse', 'Mittelbergstraße', '19', 'Oberstdorf', 'Germany', '87561')
		  ,('A13', 'Mountain Breeze Chalet', 'Chalet', 'Höfleweg', '11', 'Oberstdorf', 'Germany', '87561')
		  ,('A14', 'Schattenberg Haus', 'Hotel', 'Schattenbergstraße', '5', 'Oberstdorf', 'Germany', '87561')
		  ,('A15', 'Alpenwald Lodge', 'Lodge', 'Kurparkstraße', '5', 'Oberstdorf', 'Germany', '87561')
		  ,('A16', 'Sonnalp Guesthouse', 'Guesthouse', 'Freibergstraße', '9', 'Oberstdorf', 'Germany', '87561')
		  ,('A17', 'Bavarian Chalet', 'Chalet', 'Wildentalstraße', '29', 'Oberstdorf', 'Germany', '87561')
		  ,('A18', 'Mountain Dream Apartments', 'Apartment', 'Birgsauer Straße', '22', 'Oberstdorf', 'Germany', '87561')
		  ,('A19', 'Alpenglühen Hotel', 'Hotel', 'Eggstraße', '18', 'Oberstdorf', 'Germany', '87561')
		  ,('A20', 'Höllwiesen Haus', 'Guesthouse', 'Kornau-Wanne', '17', 'Oberstdorf', 'Germany', '87561')
		  ,('A21', 'Alpine Lodge', 'Hotel', 'Fellhornstrasse', '20', 'Oberstdorf', 'Germany', '87561')
		  ,('A22', 'Mount View Inn', 'Bed & Breakfast', 'Lorettostrasse', '4', 'Oberstdorf', 'Germany', '87561')
		  ,('A23', 'Sunny Hillside Chalet', 'Holiday Home', 'Söllereckstrasse', '17', 'Oberstdorf', 'Germany', '87561')
		  ,('A24', 'Snowy Peak Resort', 'Hotel', 'Waltenbergerstrasse', '21', 'Oberstdorf', 'Germany', '87561')
		  ,('A25', 'Mountain View Apartments', 'Apartment', 'Riezlernstrasse', '10', 'Oberstdorf', 'Germany', '87561')
		  ,('A26', 'Alpine Style Pension', 'Pension', 'Hauptstrasse', '35', 'Oberstdorf', 'Germany', '87561')
		  ,('A27', 'The Lodge at Fellhorn', 'Hotel', 'Fellhornstrasse', '15', 'Oberstdorf', 'Germany', '87561')
		  ,('A28', 'Meadowside Guesthouse', 'Guesthouse', 'Söllereckstrasse', '8', 'Oberstdorf', 'Germany', '87561')
		  ,('A29', 'Charming Holiday Home', 'Holiday Home', 'Nebelhornstrasse', '3', 'Oberstdorf', 'Germany', '87561')
		  ,('A30', 'Bavarian Style Chalet', 'Chalet', 'Freibergstrasse', '9', 'Oberstdorf', 'Germany', '87561')
	      ,('A31', 'Walser Lodge', 'Hotel', 'Walserstraße', '50', 'Riezlern', 'Austria', '6991')
          ,('A32', 'Haus Alpenecho', 'Apartment', 'Unterdorf', '23', 'Riezlern', 'Austria', '6991')
          ,('A33', 'Hotel Alpenstern', 'Hotel', 'Walserstraße', '90', 'Riezlern', 'Austria', '6991')
          ,('A34', 'Landhaus Riezler', 'Apartment', 'Walserstraße', '34', 'Riezlern', 'Austria', '6991')
          ,('A35', 'Haus Edelweiss', 'Guest house', 'Kirchplatz', '5', 'Riezlern', 'Austria', '6991')
          ,('A36', 'Gästehaus Alpenblick', 'Guest house', 'Walserstraße', '20', 'Mittelberg', 'Austria', '6993')
          ,('A37', 'Alpenhotel Widderstein', 'Hotel', 'Wildentalstraße', '24', 'Mittelberg', 'Austria', '6993')
          ,('A38', 'Ferienwohnung Susi', 'Apartment', 'Gerschtweg', '11', 'Mittelberg', 'Austria', '6993')
          ,('A39', 'Gästehaus Riezlerhof', 'Guest house', 'Baadstraße', '14', 'Mittelberg', 'Austria', '6993')
          ,('A40', 'Hotel Leitner', 'Hotel', 'Walserstraße', '102', 'Mittelberg', 'Austria', '6993')
          ,('A41', 'Haus am Bach', 'Apartment', 'Bödmenstraße', '35', 'Hirschegg', 'Austria', '6992')
          ,('A42', 'Gästehaus Alpenland', 'Guest house', 'Höfle', '10', 'Hirschegg', 'Austria', '6992')
          ,('A43', 'Kleinwalsertaler Rosenhof', 'Hotel', 'Oberwesteggweg', '9', 'Hirschegg', 'Austria', '6992')
          ,('A44', 'Ferienwohnungen Birkenhof', 'Apartment', 'Gatterhof', '4', 'Hirschegg', 'Austria', '6992')
          ,('A45', 'Hotel Riezler Hof', 'Hotel', 'Walserstraße', '57', 'Riezlern', 'Austria', '6991')
          ,('A46', 'Haus Schäfer', 'Apartment', 'Kirchplatz', '10', 'Riezlern', 'Austria', '6991')
          ,('A47', 'Gästehaus Alpenstern', 'Guest house', 'Höfle', '2', 'Mittelberg', 'Austria', '6993')
          ,('A48', 'Ferienwohnungen Alpina', 'Apartment', 'Walserstraße', '59', 'Riezlern', 'Austria', '6991');

INSERT INTO HELMETS
	VALUES ('H1', 'Alpina', '47')
		  ,('H2', 'Alpina', '50')
		  ,('H3', 'Alpina', '53')
		  ,('H4', 'Alpina', '56')
		  ,('H5', 'Alpina', '59')
		  ,('H6', 'Alpina', '61')
		  ,('H7', 'UVEX', '47')
		  ,('H8', 'UVEX', '50')
		  ,('H9', 'UVEX', '53')
		  ,('H10', 'UVEX', '56')
		  ,('H11', 'UVEX', '59')
		  ,('H12', 'UVEX', '61')
		  ,('H13', 'Smith', '47')
		  ,('H14', 'Smith', '50')
		  ,('H15', 'Smith', '53')
		  ,('H16', 'Smith', '56')
		  ,('H17', 'Smith', '59')
		  ,('H18', 'Smith', '61')
		  ,('H19', 'Giro', '47')
		  ,('H20', 'Giro', '50')
		  ,('H21', 'Giro', '53')
		  ,('H22', 'Giro', '56')
		  ,('H23', 'Giro', '59')
		  ,('H24', 'Giro', '61')
		  ,('H25', 'Carrera', '47')
		  ,('H26', 'Carrera', '50')
		  ,('H27', 'Carrera', '53')
		  ,('H28', 'Carrera', '56')
		  ,('H29', 'Carrera', '59')
		  ,('H30', 'Carrera', '61')
		  ,('H31', 'Atomic', '47')
		  ,('H32', 'Atomic', '50')
		  ,('H33', 'Atomic', '53')
		  ,('H34', 'Atomic', '56')
		  ,('H35', 'Atomic', '59')
		  ,('H36', 'Atomic', '61')
		  ,('H37', 'Salomon', '47')
		  ,('H38', 'Salomon', '50')
		  ,('H39', 'Salomon', '53')
		  ,('H40', 'Salomon', '56')
		  ,('H41', 'Salomon', '59')
		  ,('H42', 'Salomon', '61')
		  ,('H43', 'Bollé', '47')
		  ,('H44', 'Bollé', '50')
		  ,('H45', 'Bollé', '53')
		  ,('H46', 'Bollé', '56')
		  ,('H47', 'Bollé', '59')
		  ,('H48', 'Bollé', '61')
		  ,('H49', 'Poc', '47')
		  ,('H50', 'Poc', '50')
		  ,('H51', 'Poc', '53')
		  ,('H52', 'Poc', '56')
		  ,('H53', 'Poc', '59')
		  ,('H54', 'Poc', '61')
		  ,('H55', 'SCOTT', '47')
		  ,('H56', 'SCOTT', '50')
		  ,('H57', 'SCOTT', '53')
		  ,('H58', 'SCOTT', '56')
		  ,('H59', 'SCOTT', '59')
		  ,('H60', 'SCOTT', '61');

INSERT INTO POLES
	VALUES ('P1', 'Atomic', '70')
		  ,('P2', 'Atomic', '70')
		  ,('P3', 'Atomic', '70')
		  ,('P4', 'Atomic', '75')
		  ,('P5', 'Atomic', '75')
		  ,('P6', 'Atomic', '75')
		  ,('P7', 'Atomic', '80')
		  ,('P8', 'Atomic', '80')
		  ,('P9', 'Atomic', '80')
		  ,('P10', 'Atomic', '85')
		  ,('P11', 'Atomic', '85')
		  ,('P12', 'Atomic', '85')
		  ,('P13', 'Atomic', '90')
		  ,('P14', 'Atomic', '90')
		  ,('P15', 'Atomic', '90')
		  ,('P16', 'Atomic', '95')
		  ,('P17', 'Atomic', '95')
		  ,('P18', 'Atomic', '95')
		  ,('P19', 'Atomic', '100')
		  ,('P20', 'Atomic', '100')
		  ,('P21', 'Atomic', '100')
		  ,('P22', 'Atomic', '105')
		  ,('P23', 'Atomic', '105')
		  ,('P24', 'Atomic', '105')
		  ,('P25', 'Atomic', '110')
		  ,('P26', 'Atomic', '110')
		  ,('P27', 'Atomic', '110')
		  ,('P28', 'Atomic', '115')
		  ,('P29', 'Atomic', '115')
		  ,('P30', 'Atomic', '115')
		  ,('P31', 'Atomic', '120')
		  ,('P32', 'Atomic', '120')
		  ,('P33', 'Atomic', '120')
		  ,('P34', 'Atomic', '125')
		  ,('P35', 'Atomic', '125')
		  ,('P36', 'Atomic', '125')
		  ,('P37', 'Atomic', '130')
		  ,('P38', 'Atomic', '130')
		  ,('P39', 'Atomic', '130')
		  ,('P40', 'Leki', '70')
		  ,('P41', 'Leki', '70')
		  ,('P42', 'Leki', '70')
		  ,('P43', 'Leki', '75')
		  ,('P44', 'Leki', '75')
		  ,('P45', 'Leki', '75')
		  ,('P46', 'Leki', '80')
		  ,('P47', 'Leki', '80')
		  ,('P48', 'Leki', '80')
		  ,('P49', 'Leki', '85')
		  ,('P50', 'Leki', '85')
		  ,('P51', 'Leki', '85')
		  ,('P52', 'Leki', '90')
		  ,('P53', 'Leki', '90')
		  ,('P54', 'Leki', '90')
		  ,('P55', 'Leki', '95')
		  ,('P56', 'Leki', '95')
		  ,('P57', 'Leki', '95')
		  ,('P58', 'Leki', '100')
		  ,('P59', 'Leki', '100')
		  ,('P60', 'Leki', '100')
		  ,('P61', 'Leki', '105')
		  ,('P62', 'Leki', '105')
		  ,('P63', 'Leki', '105')
		  ,('P64', 'Leki', '110')
		  ,('P65', 'Leki', '110')
		  ,('P66', 'Leki', '110')
		  ,('P67', 'Leki', '115')
		  ,('P68', 'Leki', '115')
		  ,('P69', 'Leki', '115')
		  ,('P70', 'Leki', '120')
		  ,('P71', 'Leki', '120')
		  ,('P72', 'Leki', '120')
		  ,('P73', 'Leki', '125')
		  ,('P74', 'Leki', '125')
		  ,('P75', 'Leki', '125')
		  ,('P76', 'Leki', '130')
		  ,('P77', 'Leki', '130')
		  ,('P78', 'Leki', '130');

INSERT INTO SKI
	VALUES ('SM1', 'RC4 The Curv DTX', 'Fischer', '175'),
		   ('SM2', 'Redster S9', 'Atomic', '160'),
		   ('SM3', 'Deacon 76', 'Völkl', '173'),
		   ('SM4', 'QST 99', 'Salomon', '174'),
		   ('SM5', 'Mindbender 90C', 'K2', '170'),
		   ('SM6', 'Stormrider 88', 'Stöckli', '180'),
		   ('SM7', 'Magnum', 'Head', '170'),
		   ('SM8', 'Ranger 102 FR', 'Fischer', '175'),
		   ('SM9', 'Vantage 79 TI', 'Atomic', '160'),
		   ('SM10', 'Mantra 102', 'Völkl', '173'),
		   ('SM11', 'MTN Explore 88', 'Salomon', '174'),
		   ('SM12', 'Ikonic 84', 'K2', '170'),
		   ('SM13', 'Laser AR', 'Stöckli', '180'),
		   ('SM14', 'Supershape i.Rally', 'Head', '170'),
		   ('SM15', 'Ranger 99 Ti', 'Fischer', '175'),
		   ('SM16', 'Backland 85', 'Atomic', '160'),
		   ('SM17', 'Kendo 88', 'Völkl', '173'),
		   ('SM18', 'QST Lumen 99', 'Salomon', '174'),
		   ('SM19', 'Mindbender 108 Ti', 'K2', '170'),
		   ('SM20', 'Stormrider Pro 115', 'Stöckli', '180'),
		   ('SM21', 'Supershape i.Titan', 'Head', '170'),
		   ('SM22', 'Pro Mtn 86 TI', 'Atomic', '160'),
		   ('SM23', 'Secret 92', 'Völkl', '173'),
		   ('SM24', 'QST Myriad 85', 'Salomon', '174'),
		   ('SM25', 'Mindbender 116 C', 'K2', '170'),
		   ('SM26', 'Laser SX', 'Stöckli', '180'),
		   ('SM27', 'Monster 83 Ti', 'Head', '170'),
		   ('SM28', 'Ranger One 95', 'Fischer', '175'),
		   ('SM29', 'Cloud 12', 'Atomic', '160'),
		   ('SM30', 'Flair 81', 'Völkl', '173'),
		   ('SM31', 'QST Lux 92', 'Salomon', '174'),
		   ('SM32', 'Mindbender 98 TI Alliance', 'K2', '170'),
		   ('SM33', 'Stormrider 88 Women', 'Stöckli', '180'),
		   ('SM34', 'Supershape e.Speed', 'Head', '170'),
		   ('SM35', 'RC One 82 GT', 'Fischer', '175'),
		   ('SM36', 'Cloud 9', 'Atomic', '160'),
		   ('SM37', 'Flair 76 Elite', 'Völkl', '173'),
		   ('SM38', 'QST Myriad 85 Women', 'Salomon', '174'),
		   ('SM39', 'Mindbender 90 TI Alliance', 'K2', '170'),
		   ('SM40', 'Nela 84 Women', 'Stöckli', '180'),
		   ('SM41', 'K2 Indy', 'K2', '130'),
		   ('SM42', 'K2 Remedy Jr', 'K2', '139'),
		   ('SM43', 'Atomic Redster J9', 'Atomic', '120'),
		   ('SM44', 'Atomic Redster J2', 'Atomic', '100'),
		   ('SM45', 'Völkl Racetiger SL Jr', 'Völkl', '130'),
		   ('SM46', 'Völkl Mantra Jr', 'Völkl', '138'),
		   ('SM47', 'Fischer RC4 The Curv', 'Fischer', '130'),
		   ('SM48', 'Fischer Ranger Jr', 'Fischer', '140'),
		   ('SM49', 'Salomon QST Lumen Jr', 'Salomon', '120'),
		   ('SM50', 'Salomon QST Max Jr', 'Salomon', '140'),
		   ('SM51', 'Stöckli Laser Jr', 'Stöckli', '130'),
		   ('SM52', 'Stöckli Stormrider Jr', 'Stöckli', '138'),
		   ('SM53', 'Head Supershape Team Jr', 'Head', '117'),
		   ('SM54', 'Head Monster Team Jr', 'Head', '127'),
		   ('SM55', 'RC4 Junior', 'Fischer', '100'),
		   ('SM56', 'Redster J4', 'Atomic', '110'),
		   ('SM57', 'RTM Jr.', 'Völkl', '120'),
		   ('SM58', 'QST Lumen Jr.', 'Salomon', '118'),
		   ('SM59', 'Luv Bug', 'K2', '100'),
		   ('SM60', 'Scale Jr.', 'Stöckli', '110'),
		   ('SM61', 'V-Shape V2', 'Head', '115');

INSERT INTO SALARY
	VALUES ('A', 10.000)
		  ,('B', 15.000)
		  ,('C', 20.000)
		  ,('D', 25.000)
		  ,('E', 30.000)
		  ,('F', 35.000)
		  ,('G', 40.000)
		  ,('H', 45.000)
		  ,('I', 50.000)
		  ,('J', 55.000)
		  ,('K', 60.000)
		  ,('L', 65.000)
		  ,('M', 70.000)
		  ,('N', 75.000)
		  ,('O', 80.000)
		  ,('P', 85.000)
		  ,('Q', 90.000);

INSERT INTO AREA
	VALUES ('GF', 'Germany','Oberstdorf', 'Fellhorn',  'Medium', '8:30:00', '16:30:00', 'No'),
		   ('AK', 'Austria', 'Riezlern', 'Kanzelwand', 'Medium', '8:30:00', '16:00:00', 'Yes'),
		   ('GN', 'Germany','Oberstdorf', 'Nebelhorn',  'Expert', '8:30:00', '16:40:00', 'Yes'),
		   ('AI', 'Austria', 'Hirschegg', 'Ifen', 'Medium', '8:30:00', '16:00:00', 'Yes'),
		   ('AW', 'Austria', 'Mittelberg', 'Walmendingerhorn',  'Medium', '8:30:00', '16:00:00', 'No'),
		   ('GS', 'Germany', 'Oberstdorf', 'Söllereck', 'Beginner', '8:30:00', '16:00:00', 'Yes'),
		   ('AH', 'Austria', 'Hirschegg','Heuberg',  'Beginner', '8:30:00', '16:00:00', 'Yes');

INSERT INTO EMPLOYEE
	VALUES ('E1', 'Ludwig', 'Maier', 'Ski School Director', 'O', 'DSV Diplom-Instructor', 'Hauptstraße', '1', 'Oberstdorf','Germany', '87561', '1985-05-10', 36, 'M', '123456789')
		  ,('E2', 'Anna', 'Huber', 'Ski School Director', 'P', 'DSV Diplom-Instructor', 'Dorfstraße', '5', 'Oberstdorf','Germany', '87561', '1988-08-20', 33, 'F', '987654321')
		  ,('E3', 'Simon', 'Schneider', 'Ski Instructor', 'K', 'DSV Diplom-Instructor', 'Bergweg', '10', 'Oberstdorf','Germany', '87561', '1990-03-15', 31, 'M', '456123789')
		  ,('E4', 'Monika', 'Müller', 'Ski Instructor', 'K', 'DSV Diplom-Instructor', 'Kirchplatz', '3', 'Oberstdorf','Germany', '87561', '1987-11-27', 34, 'F', '789123456')
		  ,('E5', 'Sebastian', 'Bauer', 'Ski Instructor', 'J', 'DSV Landes-Instructor', 'Bergstraße', '8', 'Oberstdorf','Germany', '87561', '1989-06-05', 32, 'M', '654789123')
		  ,('E6', 'Sabine', 'Schmitt', 'Ski Instructor', 'J', 'DSV Landes-Instructor', 'Feldweg', '12', 'Oberstdorf','Germany', '87561', '1992-09-15', 29, 'F', '321987654')
		  ,('E7', 'Michael', 'Fischer', 'Ski Instructor', 'J', 'DSV Landes-Instructor', 'Wiesenweg', '6', 'Oberstdorf','Germany', '87561', '1986-02-18', 35, 'M', '987321654')
		  ,('E8', 'Julia', 'Weber', 'Ski Instructor', 'I', 'DSV Snowsport-Instructor', 'Bahnhofstraße', '2', 'Oberstdorf','Germany', '87561', '1991-07-12', 30, 'F', '456789123')
		  ,('E9', 'Andreas', 'Mayer', 'Ski Instructor', 'I', 'DSV Snowsport-Instructor', 'Sonnenweg', '9', 'Oberstdorf','Germany', '87561', '1984-12-09', 37, 'M', '789654321')
		  ,('E10', 'Stefanie', 'Schmid', 'Ski Instructor', 'G', 'DSV Basis-Instructor', 'Birkenallee', '4', 'Oberstdorf','Germany', '87561', '1993-04-25', 28, 'F', '321456987')
		  ,('E11', 'Thomas', 'Bauer', 'Assistant Ski Instructor', 'G', 'DSV Basis-Instructor', 'Rosenstraße', '7', 'Oberstdorf','Germany', '87561', '1986-10-08', 35, 'M', '654321987')
		  ,('E12', 'Christine', 'Müller', 'Assistant Ski Instructor', 'G', 'DSV Basis-Instructor', 'Am Anger', '11', 'Oberstdorf','Germany', '87561', '1989-03-21', 32, 'F', '987123456')
		  ,('E13', 'Markus', 'Keller', 'Guest Services Representative', 'G', 'DSV Basis-Instructor', 'Bachweg', '15', 'Oberstdorf','Germany', '87561', '1987-07-30', 34, 'M', '123789456')
		  ,('E14', 'Melanie', 'Schuster', 'Equipment Rental Technician', 'I', 'DSV Snowsport-Instructor', 'Fichtenweg', '14', 'Oberstdorf','Germany', '87561', '1990-12-03', 31, 'F', '456789321')
		  ,('E15', 'Peter', 'Schwarz', 'Administrative Staff', 'I', 'DSV Snowsport-Instructor', 'Lindenstraße', '13', 'Oberstdorf','Germany', '87561', '1985-09-17', 36, 'M', '789321654');

INSERT INTO SHUTTLE
	VALUES ('Fellhorn I', 'bus', 'Fellhorn valley station', 'Oberstdorf Busstation', '50', 'GF'),
		   ('Fellhorn II', 'bus', 'Oberstdorf Busstation', 'Fellhorn valley station', '50', 'GF'),
		   ('Kanzelwand I', 'bus', 'Kanzelwand valley station', 'Riezlern Post', '50', 'AK'),
		   ('Kanzelwand II', 'bus', 'Riezlern Post', 'Kanzelwand valley station', '50', 'AK'),
		   ('Ifen I', 'bus', 'Ifen valley station', 'Riezlern Post', '50', 'AI'),
		   ('Ifen II', 'bus', 'Riezlern Post', 'Ifen valley station', '50', 'AI'),
		   ('Walmendingerhorn I', 'bus', 'Walmendingerhorn valley station', 'Riezlern Post', '50', 'AW'),
		   ('Walmendingerhorn II', 'bus', 'Riezlern Post', 'Walmendingerhorn valley station', '50', 'AW'),
		   ('Heuberg I', 'bus', 'Heuberg valley station', 'Riezlern Post', '50', 'AH'),
		   ('Heuberg II', 'bus', 'Riezlern Post', 'Heuberg valley station', '50', 'AH'),
		   ('Nebelhorn I', 'bus', 'Nebelhorn valley station', 'Oberstdorf Busstation', '50', 'GN'),
		   ('Nebelhorn II', 'bus', 'Oberstdorf Busstation', 'Fellhorn valley station', '50', 'GN'),
		   ('Söllereck I', 'bus', 'Söllereck valley station', 'Oberstdorf Busstation', '50', 'GS'),
		   ('Söllereck II', 'bus', 'Oberstdorf Busstation', 'Söllereck valley station', '50', 'GS'),
		   ('Sölli I', 'bus', 'Söllereck valley station', 'Kanzelwand valley station', '20', 'GS'),
		   ('Sölli II', 'bus', 'Kanzalwand valley station', 'Söllereck valley station', '20', 'AK'),
		   ('Parsenn I', 'bus', 'Heuberg mountain station', 'Ifen valley station', '20', 'AH'),
		   ('Parsenn II', 'bus', 'Ifen valley station', 'Heuberg mountain station', '20', 'AI'),
		   ('Nebel I', 'bus', 'Nebelhorn valley station', 'Fellhorn valley station', '20', 'GN'),
		   ('Nebel II', 'bus', 'Fellhorn valley station', 'Nebelhorn valley station', '20', 'GF');

INSERT INTO STUDENT
	VALUES ('S1', 'Emma', 'Müller', '2005-05-21', 'Yes', 'Ski', 'beginner', '0049171123456', 'female', 'Hauptstraße', '5', 'Munich', 'Germany', '80331', 'A1', 'SM1', 'H1', 'P1', '2022-12-15', '2022-12-20')
		  ,('S2', 'Lukas', 'Schmidt', '2006-09-03', 'No', 'Ski', 'beginner', '004913588752', 'male', 'Rathausplatz', '7', 'Salzburg', 'Austria', '5020', 'A2', 'SM2', 'H2', 'P2', '2022-12-15', '2022-12-22')
		  ,('S3', 'Sophie', 'Wagner', '2004-01-11', 'Yes', 'Ski', 'beginner', '0049167589254', 'female', 'Kaiserstraße', '23', 'Vienna', 'Austria', '1010', 'A3', 'SM3', 'H3', 'P3', '2022-12-20', '2022-12-26')
		  ,('S4', 'Tobias', 'Hofmann', '2001-06-18', 'Yes', 'Ski', 'advanced', '0049154321782', 'male', 'Alpenstraße', '18', 'Kitzbühel', 'Austria', '6370', 'A4', 'SM4', 'H4', 'P4', '2022-12-22', '2022-12-29')
		  ,('S5', 'Lena', 'Fischer', '2003-12-09', 'Yes', 'Ski', 'advanced', '004917567982', 'female', 'Bahnhofstraße', '10', 'Zell am See', 'Austria', '5700', 'A5', 'SM5', 'H5', 'P5', '2022-12-26', '2023-01-01')
		  ,('S6', 'Jan', 'Becker', '2002-05-30', 'Yes', 'Ski', 'beginner', '004917382659', 'male', 'Kirchenstraße', '3', 'Garmisch-Partenkirchen', 'Germany', '82467', 'A6', 'SM6', 'H6', 'P6', '2022-12-29', '2023-01-05')
		  ,('S7', 'Marie', 'Schneider', '2004-09-20', 'Yes', 'Ski', 'advanced', '004913587982', 'female', 'Dorfstraße', '1', 'Saalbach', 'Austria', '5753', 'A7', 'SM7', 'H7', 'P7', '2023-01-02', '2023-01-08')
		  ,('S8', 'Maximilian', 'Weber', '2005-04-01', 'Yes', 'Ski', 'beginner', '0049167123456', 'male', 'Hauptplatz', '2', 'Innsbruck', 'Austria', '6020', 'A8', 'SM8', 'H8', 'P8', '2023-02-05', '2023-02-15')
		  ,('S9', 'Emma', 'Mayer', '2005-03-12', 'Yes', 'Ski', 'beginner', '+4912345678', 'female', 'Amselweg', '14', 'Munich', 'Germany', '80331', 'A9', 'SM9', 'H9', 'P9', '2023-01-12', '2023-01-19')
		  ,('S10', 'Noah', 'Schmidt', '2013-06-01', 'No', 'Ski', 'beginner', '+4989123456', 'male', 'Salzburgerstraße', '18', 'Salzburg', 'Austria', '5020', 'A10', 'SM10', 'H10', 'P10', '2023-02-02', '2023-02-09')
		  ,('S11', 'Hannah', 'Weber', '2008-11-22', 'No', 'Ski', 'advanced', '+4989212345', 'female', 'Kirchgasse', '2', 'Innsbruck', 'Austria', '6020', 'A11', 'SM11', 'H11', 'P11', '2023-03-08', '2023-03-15')
		  ,('S12', 'Lukas', 'Wagner', '1999-04-16', 'Yes', 'Ski', 'expert', '+4917171717', 'male', 'Rathausplatz', '1', 'Vienna', 'Austria', '1010', 'A12', 'SM12', 'H12', 'P12', '2023-01-22', '2023-01-29')
		  ,('S13', 'Anna', 'Becker', '2004-02-29', 'Yes', 'Ski', 'beginner', '+4989123456', 'female', 'Maximilianstraße', '8', 'Munich', 'Germany', '80539', 'A13', 'SM13', 'H13', 'P13', '2023-03-01', '2023-03-08')
		  ,('S14', 'Leon', 'Schulz', '2003-05-10', 'Yes', 'Ski', 'advanced', '+4912345678', 'male', 'Franz-Josef-Strauß-Allee', '45', 'Salzburg', 'Austria', '5020', 'A14', 'SM14', 'H14', 'P14', '2023-01-26', '2023-02-02')
		  ,('S15', 'Sophia', 'Hoffmann', '1998-09-15', 'Yes', 'Ski', 'expert', '+4989212345', 'female', 'Schillerstraße', '5', 'Vienna', 'Austria', '1010', 'A15', 'SM15', 'H15', 'P15', '2023-02-19', '2023-02-26')
		  ,('S16', 'Felix', 'Schmidt', '2002-07-07', 'Yes', 'Ski', 'beginner', '+4917171717', 'male', 'Am Brückenbach', '10', 'Munich', 'Germany', '80992', 'A1', 'SM16', 'H16', 'P16', '2023-04-06', '2023-04-11')
		  ,('S17', 'Emma', 'Smith', '2007-03-15', 'No', 'Ski', 'beginner', '+49-12345678', 'female', 'Kirchplatz', '7', 'Munich', 'Germany', '80331', 'A2', 'SM17', 'H17', 'P17', '2022-12-10', '2022-12-15')
		  ,('S18', 'Liam', 'Brown', '2006-05-12', 'No', 'Ski', 'beginner', '+49-23456789', 'male', 'Hauptstraße', '25', 'Vienna', 'Austria', '1010', 'A3', 'SM18', 'H18', 'P18', '2023-03-01', '2023-03-08')
		  ,('S19', 'Olivia', 'Johnson', '2008-09-07', 'No', 'Ski', 'beginner', '+49-34567890', 'female', 'Karlstraße', '11', 'Salzburg', 'Austria', '5020', 'A4', 'SM19', 'H19', 'P19', '2023-01-20', '2023-01-25')
		  ,('S20', 'Adam', 'Jones', '2005-02-28', 'Yes', 'Ski', 'advanced', '+49-45678901', 'male', 'Schillerstraße', '5', 'Munich', 'Germany', '80336', 'A5', 'SM20', 'H20', 'P20', '2022-12-25', '2023-01-02')
		  ,('S21', 'Ava', 'Garcia', '2006-08-14', 'No', 'Ski', 'beginner', '+49-56789012', 'female', 'Amalienstraße', '18', 'Vienna', 'Austria', '1090', 'A6', 'SM21', 'H21', 'P21', '2023-02-10', '2023-02-16')
		  ,('S22', 'William', 'Martinez', '2009-11-23', 'No', 'Ski', 'beginner', '+49-67890123', 'male', 'Leopoldstraße', '29', 'Munich', 'Germany', '80802', 'A7', 'SM22', 'H22', 'P22', '2023-03-15', '2023-03-22')
		  ,('S23', 'Sophia', 'Davis', '2005-07-06', 'No', 'Ski', 'expert', '+49-78901234', 'female', 'Lindwurmstraße', '90', 'Munich', 'Germany', '80337', 'A8', 'SM23', 'H23', 'P23', '2023-02-28', '2023-03-06')
		  ,('S24', 'James', 'Rodriguez', '2007-01-18', 'No', 'Ski', 'beginner', '+49-89012345', 'male', 'Kreuzstraße', '17', 'Innsbruck', 'Austria', '6020', 'A9', 'SM24', 'H24', 'P24', '2023-01-10', '2023-01-17')
		  ,('S25', 'Emma', 'Braun', '1999-05-23', 'Yes', 'Ski', 'beginner', '+49123456789', 'female', 'Weserstraße', '12', 'Munich', 'Germany', '80237', 'A10', 'SM25', 'H25', 'P25', '2023-02-25', '2023-03-04')
		  ,('S26', 'Liam', 'Schmidt', '1995-08-04', 'Yes', 'Ski', 'advanced', '+49123456789', 'male', 'Stephansplatz', '3', 'Vienna', 'Austria', '1010', 'A20', 'SM26', 'H26', 'P26', '2023-02-16', '2023-02-22')
		  ,('S27', 'Sophia', 'Wagner', '1987-12-31', 'Yes', 'Ski', 'expert', '+49123456789', 'female', 'Maximilianstraße', '9', 'Munich', 'Germany', '80539', 'A21', 'SM27', 'H27', 'P27', '2023-04-07', '2023-04-14')
		  ,('S28', 'Noah', 'Mayer', '2002-01-12', 'Yes', 'Ski', 'beginner', '+49123456789', 'male', 'Lange Gasse', '20', 'Vienna', 'Austria', '1080', 'A22', 'SM28', 'H28', 'P28', '2023-01-15', '2023-01-22')
		  ,('S29', 'Emma', 'Bach', '1997-11-07', 'Yes', 'Ski', 'advanced', '+49123456789', 'female', 'Rennweg', '44', 'Salzburg', 'Austria', '5020', 'A23', 'SM29', 'H29', 'P29', '2022-12-28', '2023-01-03')
		  ,('S30', 'Lukas', 'Fuchs', '1990-03-18', 'Yes', 'Ski', 'expert', '+49123456789', 'male', 'Schellinggasse', '8', 'Vienna', 'Austria', '1010', 'A24', 'SM30', 'H30', 'P30', '2023-02-10', '2023-02-16')
		  ,('S31', 'Hannah', 'Weber', '1989-06-26', 'Yes', 'Ski', 'beginner', '+49123456789', 'female', 'Isartorplatz', '10', 'Munich', 'Germany', '80331', 'A25', 'SM31', 'H31', 'P31', '2023-03-20', '2023-03-27')
		  ,('S32', 'Leon', 'Schneider', '1998-09-14', 'Yes', 'Ski', 'advanced', '+49123456789', 'male', 'Währinger Straße', '3', 'Vienna', 'Austria', '1090', 'A26', 'SM32', 'H32', 'P32', '2023-03-26', '2023-04-02')
		  ,('S33', 'Emma', 'Schmidt', '1998-03-22', 'Yes', 'Ski', 'beginner', '1234567890', 'female', 'Kirchstrasse', '3', 'Munich', 'Germany', '80331', 'A27', 'SM33', 'H33', 'P33', '2023-01-02', '2023-01-09')
		  ,('S34', 'Lukas', 'Wagner', '1992-05-11', 'Yes', 'Ski', 'advanced', '9876543210', 'male', 'Hauptstrasse', '15', 'Salzburg', 'Austria', '5020', 'A28', 'SM34', 'H34', 'P34', '2023-01-09', '2023-01-15')
		  ,('S35', 'Julia', 'Maier', '1995-09-04', 'Yes', 'Ski', 'expert', '5555555555', 'female', 'Kirchplatz', '2', 'Vienna', 'Austria', '1010', 'A29', 'SM35', 'H35', 'P35', '2023-01-15', '2023-01-20')
		  ,('S36', 'Simon', 'Weber', '2003-07-18', 'Yes', 'Ski', 'beginner', '1112223334', 'male', 'Hauptallee', '7', 'Linz', 'Austria', '4020', 'A30', 'SM36', 'H36', 'P36', '2023-01-20', '2023-01-26')
		  ,('S37', 'Katharina', 'Bauer', '1999-11-27', 'Yes', 'Ski', 'advanced', '2223334445', 'female', 'Rathausplatz', '10', 'Graz', 'Austria', '8010', 'A40', 'SM37', 'H37', 'P37', '2023-01-26', '2023-02-01')
		  ,('S38', 'Markus', 'Hofmann', '1997-02-14', 'Yes', 'Ski', 'beginner', '7777777777', 'male', 'Hauptstrasse', '23', 'Vienna', 'Austria', '1020', 'A41', 'SM38', 'H38', 'P38', '2023-02-01', '2023-02-06')
		  ,('S39', 'Hannah', 'Schneider', '1990-08-08', 'Yes', 'Ski', 'expert', '6666666666', 'female', 'Schlossallee', '4', 'Salzburg', 'Austria', '5020', 'A42', 'SM39', 'H39', 'P39', '2023-02-06', '2023-02-12')
		  ,('S40', 'Tobias', 'Huber', '1987-12-21', 'Yes', 'Ski', 'advanced', '3334445556', 'male', 'Neugasse', '5', 'Munich', 'Germany', '80331', 'A43', 'SM40', 'H40', 'P40', '2023-02-12', '2023-02-18')
		  ,('S41', 'Sarah', 'Schuster', '1986-06-10', 'Yes', 'Ski', 'beginner', '1231231234', 'female', 'Feldstrasse', '7', 'Innsbruck', 'Austria', '6020', 'A44', 'SM41', 'H41', 'P41', '2023-02-18', '2023-02-24')
		  ,('S42', 'Elena', 'Mayer', '1990-07-15', 'Yes', 'Ski', 'advanced', '01605536625', 'female', 'Bürgermeister-Rauch-Straße', '29', 'Munich', 'Germany', '80939', 'A45', 'SM42', 'H42', 'P42', '2023-02-16', '2023-02-23')
		  ,('S43', 'Julian', 'König', '1998-03-25', 'Yes', 'Ski', 'beginner', '0123456789', 'male', 'Untere Dorfstraße', '18', 'Kitzbühel', 'Austria', '6370', 'A46', 'SM43', 'H43', 'P43', '2023-03-23', '2023-03-31')
		  ,('S44', 'Sophie', 'Wagner', '1995-11-10', 'Yes', 'Ski', 'advanced', '01721537290', 'female', 'Ludwigstraße', '7', 'Salzburg', 'Austria', '5020', 'A47', 'SM44', 'H44', 'P44', '2023-02-10', '2023-02-17')
		  ,('S45', 'Andreas', 'Schmidt', '1988-05-02', 'Yes', 'Ski', 'advanced', '01516253528', 'male', 'Bachstraße', '6', 'Garmisch-Partenkirchen', 'Germany', '82467', 'A48', 'SM45', 'H45', 'P45', '2023-04-09', '2023-04-16')
		  ,('S46', 'Laura', 'Kaiser', '1999-09-21', 'Yes', 'Ski', 'beginner', '01906537292', 'female', 'Würzburger Straße', '22', 'Bad Kissingen', 'Germany', '97688', 'A20', 'SM46', 'H46', 'P46', '2023-01-19', '2023-01-26')
		  ,('S47', 'Maximilian', 'Weber', '2001-06-12', 'Yes', 'Ski', 'beginner', '0123456789', 'male', 'Hauptstraße', '14', 'St. Anton', 'Austria', '6580', 'A21', 'SM47', 'H47', 'P47', '2023-03-27', '2023-04-03')
		  ,('S48', 'Lisa', 'Fischer', '1997-01-05', 'Yes', 'Ski', 'expert', '01766372091', 'female', 'Pestalozzistraße', '12', 'Innsbruck', 'Austria', '6020', 'A22', 'SM48', 'H48', 'P48', '2023-03-15', '2023-03-23')
		  ,('S49', 'Johannes', 'Müller', '1986-12-08', 'Yes', 'Ski', 'advanced', '01623947129', 'male', 'Schulstraße', '15', 'Mittenwald', 'Germany', '82481', 'A23', 'SM49', 'H49', 'P49', '2023-01-29', '2023-02-05')
		  ,('S51', 'Sophia', 'Müller', '2017-06-23', 'No', 'Ski', 'beginner', '+4912312345678', 'female', 'Ludwigstr.', '12', 'Munich', 'Germany', '80331', 'A24', 'SM50', 'H50', 'P50', '2023-03-15', '2023-03-20')
		  ,('S52', 'Maximilian', 'Fischer', '2016-09-02', 'No', 'Ski', 'beginner', '+4985123456789', 'male', 'Wiesenstr.', '4', 'Salzburg', 'Austria', '5020', 'A25', 'SM51', 'H51', 'P51', '2023-02-03', '2023-02-10')
		  ,('S53', 'Elena', 'Schmidt', '2019-01-10', 'No', 'Ski', 'beginner', '+4989612345678', 'female', 'Am Schlossberg', '8', 'Munich', 'Germany', '80638', 'A26', 'SM52', 'H52', 'P52', '2023-01-05', '2023-01-11')
		  ,('S54', 'Felix', 'Huber', '2015-12-03', 'No', 'Ski', 'beginner', '+436601234567', 'male', 'Kohlmayerstr.', '22', 'Innsbruck', 'Austria', '6020', 'A27', 'SM53', 'H53', 'P53', '2023-03-22', '2023-03-29')
		  ,('S55', 'Anna', 'Wagner', '2018-08-09', 'No', 'Ski', 'beginner', '+4989212345678', 'female', 'Mühlbacher Str.', '36', 'Bad Reichenhall', 'Germany', '83435', 'A28', 'SM54', 'H54', 'P54', '2023-03-27', '2023-04-02')
		  ,('S56', 'Benjamin', 'Schwarz', '2017-11-14', 'No', 'Ski', 'beginner', '+4369912345678', 'male', 'Herzog-Friedrich-Str.', '17', 'Kufstein', 'Austria', '6330', 'A29', 'SM55', 'H55', 'P55', '2023-02-23', '2023-03-01')
		  ,('S57', 'Hannah', 'Mayer', '2016-04-22', 'No', 'Ski', 'beginner', '+4989412345678', 'female', 'Lerchenauer Str.', '12', 'Munich', 'Germany', '80935', 'A30', 'SM56', 'H56', 'P56', '2023-01-20', '2023-01-27')
		  ,('S58', 'Leon', 'Bauer', '2019-07-19', 'No', 'Ski', 'beginner', '+491701234567', 'male', 'Wurzerstr.', '6', 'Salzburg', 'Austria', '5020', 'A31', 'SM57', 'H57', 'P57', '2023-03-08', '2023-03-13');

INSERT INTO COURSE
	VALUES ('dec_I', 'beginner', '2022-12-01', '2022-12-31', 'GS', 'E8'),
		   ('dec_II', 'advanced', '2022-12-01', '2022-12-31', 'GF', 'E7'),
		   ('dec_III', 'expert', '2022-12-01', '2022-12-31', 'GN', 'E1'),
		   ('jan_I', 'beginner', '2023-01-01', '2023-01-31', 'GS', 'E2'),
		   ('jan_II', 'advanced', '2023-01-01', '2023-01-31', 'AK', 'E3'),
		   ('jan_III', 'expert', '2023-01-01', '2023-01-31', 'GN', 'E4'),
		   ('feb_I', 'beginner', '2023-02-01', '2023-02-28', 'GS', 'E5'),
		   ('feb_II', 'advanced', '2023-02-01', '2023-02-28', 'AK', 'E6'),
		   ('feb_III', 'expert', '2023-02-01', '2023-02-28', 'GN', 'E7'),
		   ('feb_IV', 'expert', '2023-02-01', '2023-02-28', 'AW', 'E8'),
		   ('mar_I', 'beginner', '2023-03-01', '2023-03-31', 'AH', 'E9'),
		   ('mar_II', 'advanced', '2023-03-01', '2023-03-31', 'AK', 'E10'),
		   ('mar_III', 'expert', '2023-03-01', '2023-03-31', 'AI', 'E1'),
		   ('mar_IV', 'expert', '2023-03-01', '2023-03-31', 'AW', 'E2'),
		   ('apr_I', 'beginner', '2023-04-01', '2023-04-30', 'AH', 'E11'),
		   ('apr_II', 'advanced', '2023-04-01', '2023-04-30', 'AK', 'E12'),
		   ('apr_III', 'expert', '2023-04-01', '2023-04-30', 'AI', 'E3'),
		   ('apr_IV', 'expert', '2023-04-01', '2023-04-30', 'AW', 'E4');

INSERT INTO COURSE_STUDENT
	VALUES ('dec_I', 'S1'),
			('dec_I', 'S2'),
			('dec_I', 'S3'),
			('dec_II', 'S4'),
			('dec_II', 'S5'),
			('jan_II', 'S5'),
			('dec_I', 'S6'),
			('jan_I', 'S6'),
			('jan_II', 'S7'),
			('feb_I', 'S8'),
			('jan_I', 'S9'),
			('feb_I', 'S10'),
			('mar_II', 'S11'),
			('jan_III', 'S12'),
			('mar_I', 'S13'),
			('jan_II', 'S14'),
			('feb_II', 'S14'),
			('feb_III', 'S15'),
			('apr_I', 'S16'),
			('dec_I', 'S17'),
			('mar_I', 'S18'),
			('jan_I', 'S19'),
			('dec_II', 'S20'),
			('jan_II', 'S20'),
			('feb_I', 'S21'),
			('mar_I', 'S22'),
			('feb_III', 'S23'),
			('mar_III', 'S23'),
			('jan_I', 'S24'),
			('feb_I', 'S25'),
			('mar_I', 'S25'),
			('feb_II', 'S26'),
			('apr_III', 'S27'),
			('jan_I', 'S28'),
			('dec_II', 'S29'),
			('jan_II', 'S29'),
			('feb_III', 'S30'),
			('mar_I', 'S31'),
			('mar_II', 'S32'),
			('apr_II', 'S32'),
			('jan_I', 'S33'),
			('jan_II', 'S34'),
			('jan_III', 'S35'),
			('jan_I', 'S36'),
			('jan_II', 'S37'),
			('feb_I', 'S38'),
			('feb_III', 'S39'),
			('feb_II', 'S40'),
			('feb_I', 'S41'),
			('feb_II', 'S42'),
			('mar_I', 'S43'),
			('feb_II', 'S44'),
			('apr_II', 'S45'),
			('jan_I', 'S46'),
			('mar_I', 'S47'),
			('apr_I', 'S47'),
			('mar_III', 'S48'),
			('jan_II', 'S49'),
			('feb_II', 'S49'),
			('mar_I', 'S51'),
			('feb_I', 'S52'),
			('jan_I', 'S53'),
			('mar_I', 'S54'),
			('mar_I', 'S55'),
			('apr_I', 'S55'),
			('feb_I', 'S56'),
			('mar_I', 'S56'),
			('jan_I', 'S57'),
			('mar_I', 'S58');
